byte_idx,data,tlast
0,217,0
1,136,0
2,252,0
3,33,0
4,224,0
5,145,0
6,59,0
7,254,0
8,165,0
9,155,0
10,54,0
11,236,0
12,48,0
13,30,0
14,186,0
15,185,0
16,117,0
17,200,0
18,182,0
19,116,0
20,182,0
21,119,0
22,144,0
23,186,0
24,42,0
25,189,0
26,45,0
27,164,0
28,9,0
29,230,0
30,68,0
31,147,0
32,83,0
33,32,0
34,84,0
35,233,0
36,171,0
37,43,0
38,218,0
39,248,0
40,132,0
41,62,0
42,178,0
43,240,0
44,64,0
45,101,0
46,111,0
47,229,0
48,25,0
49,129,0
50,84,0
51,176,0
52,216,0
53,22,0
54,80,0
55,100,0
56,105,0
57,204,0
58,165,0
59,84,0
60,14,0
61,157,0
62,75,0
63,241,1
64,41,0
65,5,0
66,91,0
67,238,0
68,118,0
69,43,0
70,61,0
71,161,0
72,255,0
73,27,0
74,52,0
75,47,0
76,36,0
77,246,0
78,13,0
79,106,0
80,206,0
81,96,0
82,174,0
83,63,0
84,81,0
85,97,0
86,160,0
87,93,0
88,221,0
89,45,0
90,183,0
91,204,0
92,249,0
93,63,0
94,234,0
95,190,0
96,102,0
97,60,0
98,14,0
99,17,0
100,186,0
101,38,0
102,196,0
103,170,0
104,69,0
105,61,0
106,216,0
107,253,0
108,182,0
109,144,0
110,123,0
111,14,0
112,18,0
113,189,0
114,125,0
115,4,0
116,1,0
117,113,0
118,26,0
119,133,0
120,2,0
121,108,0
122,9,0
123,17,0
124,21,0
125,8,0
126,165,0
127,113,1
